{"v":"5.6.6","ip":0,"op":160,"fr":60,"w":465,"h":481,"layers":[{"ind":3061,"nm":"surface11639","ao":0,"ip":0,"op":264,"st":0,"ty":4,"ks":{"ty":"tr","o":{"k":100},"r":{"k":0},"p":{"k":[0,0]},"a":{"k":[0,0]},"s":{"k":[133.33,133.33]},"sk":{"k":0},"sa":{"k":0}},"shapes":[{"ty":"gr","hd":false,"nm":"surface11639","it":[{"ty":"gr","hd":false,"it":[{"ty":"gr","hd":false,"it":[{"ty":"sh","ks":{"k":{"i":[[0,0],[0.83,-1.29],[0.18,-0.2],[0,-0.03],[1.6,-0.23],[0.23,-0.03],[0,0],[0.59,-0.03],[0,0],[0,0],[0.21,0],[0,0],[0,0],[2.4,3.62],[0,8.48],[-2.41,3.03],[-2.38,0],[0,0],[0,0],[0,0],[0,-15.08],[0,0],[-5.64,-6.05],[0,0],[0,7.04],[0,0],[0,0.1],[0,0],[0,0],[0,0],[-0.03,-0.1],[0,0],[7.08,-0.36],[0.23,0.03],[0.21,0],[0.36,6.88],[0,0],[0,0.2],[1.4,3.41],[12.28,0],[5.74,-6.67],[1.24,-3],[0,-4.01],[0,0],[7.45,0.13],[0,7.27],[0,0],[0,0],[0,0],[-4.73,-5.48],[-8.82,0],[-4.89,10.89],[0,0],[0,0],[0,3.93],[0,0],[-7.4,0.03],[-0.36,-7.06],[0,0],[-0.03,-0.21],[-1.45,-3.44],[-2.12,-2.46],[-8.79,0],[-5.69,6],[-8.12,-0.05],[0,0],[0,0],[0,0],[0,0],[0,0],[-0.72,0],[-0.88,0.03],[-0.16,0],[0,0],[0,0],[0,0],[0.72,-0.83]],"o":[[-0.57,0.65],[-0.16,0.23],[0,0.03],[-1.45,1.68],[-0.21,0.03],[0,0],[-0.52,0.03],[-0.05,0],[0,0],[-0.18,0],[0,0],[0,0],[-4.34,0],[-2.97,-4.47],[0,-11.9],[1.47,-1.89],[0,0],[0,0],[0,0],[-15.07,0],[0,0],[0,10.79],[0,0],[-7.01,-0.42],[0,0],[0,-0.1],[0,0],[0,0],[0,0],[0,0.1],[0,0],[0,7.11],[-0.26,0],[-0.16,0],[-6.93,-0.26],[0,0],[0,-0.29],[-0.1,-3.75],[-4.7,-11.33],[-8.79,0],[-2.09,2.41],[-1.53,3.65],[0,0],[0,7.48],[-7.24,-0.1],[0,0],[0,0],[0,0],[0,7.24],[5.74,6.65],[11.97,0],[0,0],[0,0],[1.45,-3.57],[0,0],[0,-7.4],[7.16,-0.05],[0,0],[0,0.26],[0.08,3.75],[1.21,2.97],[5.74,6.65],[8.3,0],[5.64,5.82],[0,0],[0,0],[0,0],[0,0],[0,0],[0.78,0.05],[0.96,0],[0.15,-0.03],[0,0],[0,0],[0,0],[0,-0.36],[0,0]],"v":[[461.98,432.21],[459.73,435.44],[459.24,436.09],[459.21,436.14],[454.15,438.7],[453.5,438.76],[453.45,438.76],[451.74,438.81],[451.66,438.81],[451.64,438.81],[451.04,438.81],[450.6,438.83],[447.11,438.89],[436.2,433.22],[431.62,413.54],[436.67,392.56],[442.8,389.58],[462.42,389.58],[462.42,378.26],[439.1,378.26],[411.82,405.57],[411.82,413.54],[420.33,438.89],[407.42,438.89],[394.94,425.59],[394.94,419.1],[394.94,418.81],[394.94,352],[378.05,352],[378.05,418.55],[378.08,418.86],[378.08,425.88],[365.44,439.19],[364.74,439.19],[364.22,439.19],[351.42,426.62],[351.42,406.86],[351.42,406.09],[349.15,395.3],[321.22,376.65],[298.36,387.12],[293.32,395.3],[291.02,406.84],[291.02,425.51],[277.47,439.19],[264.36,425.88],[264.36,394.5],[247.51,394.5],[247.51,418.81],[254.83,438.55],[277.71,449.03],[305.27,431.15],[305.71,431.15],[305.71,430.11],[307.91,418.81],[307.91,400.19],[321.15,386.48],[334.54,399.05],[334.54,418.81],[334.56,419.54],[336.84,430.38],[341.88,438.55],[364.74,449.03],[386.61,439.61],[408.12,448.77],[408.54,448.74],[408.77,448.77],[437.1,448.77],[437.08,448.77],[443.47,448.77],[445.74,448.82],[448.48,448.79],[448.92,448.77],[462.65,448.77],[462.65,434.02],[462.68,432.55],[461.98,432.21]],"c":true}}},{"ty":"st","lc":1,"lj":1,"ml":4,"o":{"k":100},"w":{"k":3.78},"c":{"k":[0,0,0,1]},"hd":false},{"ty":"tr","o":{"k":100},"r":{"k":0},"p":{"k":[0,0]},"a":{"k":[0,0]},"s":{"k":[75,75]},"sk":{"k":0},"sa":{"k":0},"hd":false}]},{"ty":"tr","o":{"k":100},"r":{"k":0},"p":{"k":[0,0]},"a":{"k":[0,0]},"s":{"k":[100,100]},"sk":{"k":0},"sa":{"k":0},"hd":false}]},{"ty":"gr","hd":false,"it":[{"ty":"gr","hd":false,"it":[{"ty":"sh","ks":{"k":{"i":[[0,0],[0,-5.72],[-5.74,0],[0,5.71],[5.71,0]],"o":[[-5.74,0],[0,5.71],[5.71,0],[0,-5.72],[0,0]],"v":[[193.03,457.79],[182.66,468.14],[193.03,478.51],[203.4,468.14],[193.03,457.79]],"c":true}}},{"ty":"st","lc":1,"lj":1,"ml":4,"o":{"k":100},"w":{"k":3.78},"c":{"k":[0,0,0,1]},"hd":false},{"ty":"tr","o":{"k":100},"r":{"k":0},"p":{"k":[0,0]},"a":{"k":[0,0]},"s":{"k":[75,75]},"sk":{"k":0},"sa":{"k":0},"hd":false}]},{"ty":"tr","o":{"k":100},"r":{"k":0},"p":{"k":[0,0]},"a":{"k":[0,0]},"s":{"k":[100,100]},"sk":{"k":0},"sa":{"k":0},"hd":false}]},{"ty":"gr","hd":false,"it":[{"ty":"gr","hd":false,"it":[{"ty":"sh","ks":{"k":{"i":[[0,0],[0,-5.72],[-5.72,0],[0,5.71],[5.71,0]],"o":[[-5.72,0],[0,5.71],[5.71,0],[0,-5.72],[0,0]],"v":[[264.21,457.79],[253.84,468.14],[264.21,478.51],[274.58,468.14],[264.21,457.79]],"c":true}}},{"ty":"st","lc":1,"lj":1,"ml":4,"o":{"k":100},"w":{"k":3.78},"c":{"k":[0,0,0,1]},"hd":false},{"ty":"tr","o":{"k":100},"r":{"k":0},"p":{"k":[0,0]},"a":{"k":[0,0]},"s":{"k":[75,75]},"sk":{"k":0},"sa":{"k":0},"hd":false}]},{"ty":"tr","o":{"k":100},"r":{"k":0},"p":{"k":[0,0]},"a":{"k":[0,0]},"s":{"k":[100,100]},"sk":{"k":0},"sa":{"k":0},"hd":false}]},{"ty":"gr","hd":false,"it":[{"ty":"gr","hd":false,"it":[{"ty":"sh","ks":{"k":{"i":[[0,0],[0,-5.72],[-5.71,0],[0,5.71],[5.71,0]],"o":[[-5.71,0],[0,5.71],[5.71,0],[0,-5.72],[0,0]],"v":[[288.75,457.79],[278.38,468.14],[288.75,478.51],[299.11,468.14],[288.75,457.79]],"c":true}}},{"ty":"st","lc":1,"lj":1,"ml":4,"o":{"k":100},"w":{"k":3.78},"c":{"k":[0,0,0,1]},"hd":false},{"ty":"tr","o":{"k":100},"r":{"k":0},"p":{"k":[0,0]},"a":{"k":[0,0]},"s":{"k":[75,75]},"sk":{"k":0},"sa":{"k":0},"hd":false}]},{"ty":"tr","o":{"k":100},"r":{"k":0},"p":{"k":[0,0]},"a":{"k":[0,0]},"s":{"k":[100,100]},"sk":{"k":0},"sa":{"k":0},"hd":false}]},{"ty":"gr","hd":false,"it":[{"ty":"sh","ks":{"k":{"i":[[0,0],[0,5.71],[5.71,0],[0,-5.72],[-5.71,0]],"o":[[5.71,0],[0,-5.72],[-5.71,0],[0,5.71],[0,0]],"v":[[54.53,384.85],[64.86,374.51],[54.53,364.13],[44.16,374.51],[54.53,384.85]],"c":true}}},{"ty":"st","lc":1,"lj":1,"ml":4,"o":{"k":100},"w":{"k":3.78},"c":{"k":[0,0,0,1]},"hd":false},{"ty":"tr","o":{"k":100},"r":{"k":0},"p":{"k":[0,0]},"a":{"k":[0,0]},"s":{"k":[75,75]},"sk":{"k":0},"sa":{"k":0},"hd":false}]},{"ty":"gr","hd":false,"it":[{"ty":"sh","ks":{"k":{"i":[[0,0],[0,5.71],[5.72,0],[0,-5.72],[-5.71,0]],"o":[[5.72,0],[0,-5.72],[-5.71,0],[0,5.71],[0,0]],"v":[[98.06,384.85],[108.43,374.51],[98.06,364.13],[87.7,374.51],[98.06,384.85]],"c":true}}},{"ty":"st","lc":1,"lj":1,"ml":4,"o":{"k":100},"w":{"k":3.78},"c":{"k":[0,0,0,1]},"hd":false},{"ty":"tr","o":{"k":100},"r":{"k":0},"p":{"k":[0,0]},"a":{"k":[0,0]},"s":{"k":[75,75]},"sk":{"k":0},"sa":{"k":0},"hd":false}]},{"ty":"gr","hd":false,"it":[{"ty":"sh","ks":{"k":{"i":[[0,0],[0,-5.72],[-5.71,0],[0,5.71],[5.71,0]],"o":[[-5.71,0],[0,5.71],[5.71,0],[0,-5.72],[0,0]],"v":[[141.63,364.13],[131.26,374.51],[141.63,384.85],[151.97,374.51],[141.63,364.13]],"c":true}}},{"ty":"st","lc":1,"lj":1,"ml":4,"o":{"k":100},"w":{"k":3.78},"c":{"k":[0,0,0,1]},"hd":false},{"ty":"tr","o":{"k":100},"r":{"k":0},"p":{"k":[0,0]},"a":{"k":[0,0]},"s":{"k":[75,75]},"sk":{"k":0},"sa":{"k":0},"hd":false}]},{"ty":"gr","hd":false,"it":[{"ty":"sh","ks":{"k":{"i":[[0,0],[7.34,0],[0,7.34],[0,0],[0,0],[0,0],[7.32,0],[0,7.35],[0,0],[0,0],[0,0],[7.34,0],[0,7.35],[0,0],[0,0],[0,0],[-16.65,0],[-5.69,5.97],[-8.27,0],[-5.69,5.87],[-8.33,0],[0,16.66],[0,0],[0,0]],"o":[[0,7.34],[-7.37,0],[0,0],[0,0],[0,0],[0,7.35],[-7.36,0],[0,0],[0,0],[0,0],[0,7.35],[-7.34,0],[0,0],[0,0],[0,0],[0,16.69],[8.24,0],[5.69,5.97],[8.15,0],[5.72,6.03],[16.65,0],[0,0],[0,0],[0,0]],"v":[[133.31,425.88],[119.99,439.19],[106.65,425.88],[106.65,394.47],[89.71,394.47],[89.71,425.61],[76.42,438.96],[63.08,425.61],[63.08,394.5],[46.07,394.5],[46.07,425.61],[32.76,438.96],[19.44,425.61],[19.44,352.29],[2.56,352.29],[2.56,418.55],[32.76,448.79],[54.58,439.43],[76.42,448.79],[98.06,439.58],[119.99,449.03],[150.16,418.81],[150.16,394.47],[133.31,394.47]],"c":true}}},{"ty":"st","lc":1,"lj":1,"ml":4,"o":{"k":100},"w":{"k":3.78},"c":{"k":[0,0,0,1]},"hd":false},{"ty":"tr","o":{"k":100},"r":{"k":0},"p":{"k":[0,0]},"a":{"k":[0,0]},"s":{"k":[75,75]},"sk":{"k":0},"sa":{"k":0},"hd":false}]},{"ty":"gr","hd":false,"it":[{"ty":"sh","ks":{"k":{"i":[[0,0],[7.34,0],[0,7.34],[0,0],[0,0],[0,0],[-4.71,-5.48],[-8.79,0],[0,16.66],[0,0],[0,0]],"o":[[0,7.34],[-7.34,0],[0,0],[0,0],[0,0],[0,7.24],[5.74,6.65],[16.65,0],[0,0],[0,0],[0,0]],"v":[[206.3,425.88],[192.98,439.19],[179.64,425.88],[179.64,352.29],[162.78,352.29],[162.78,418.81],[170.1,438.55],[192.98,449.03],[223.18,418.81],[223.18,394.5],[206.3,394.5]],"c":true}}},{"ty":"st","lc":1,"lj":1,"ml":4,"o":{"k":100},"w":{"k":3.78},"c":{"k":[0,0,0,1]},"hd":false},{"ty":"tr","o":{"k":100},"r":{"k":0},"p":{"k":[0,0]},"a":{"k":[0,0]},"s":{"k":[75,75]},"sk":{"k":0},"sa":{"k":0},"hd":false}]},{"ty":"gr","hd":false,"it":[{"ty":"sh","ks":{"k":{"i":[[0,0],[0,0]],"o":[[0,0],[0,0]],"v":[[340.06,182.76],[120.28,182.76]],"c":false}}},{"ty":"st","lc":1,"lj":1,"ml":4,"o":{"k":100},"w":{"k":9.45},"c":{"k":[0.84,0.06,0.06,1]},"hd":false},{"ty":"tr","o":{"k":100},"r":{"k":0},"p":{"k":[0,0]},"a":{"k":[0,0]},"s":{"k":[75,75]},"sk":{"k":0},"sa":{"k":0},"hd":false}]},{"ty":"gr","hd":false,"it":[{"ty":"sh","ks":{"k":{"i":[[0,0],[-24.37,17.25],[-0.45,-0.64],[0.51,-0.39],[14.3,0],[12.12,8.73],[0,0],[-0.96,-0.7]],"o":[[24.47,16.32],[0.61,-0.42],[0.45,0.51],[-12.29,8.7],[-14.36,0],[0,0],[-1.56,-1.15],[0,0]],"v":[[193.4,42.66],[272.02,42.76],[273.91,42.95],[273.66,44.71],[232.74,57.77],[191.96,44.71],[191.93,44.71],[193.4,42.66]],"c":true}}},{"ty":"st","lc":1,"lj":1,"ml":4,"o":{"k":100},"w":{"k":9.45},"c":{"k":[0.84,0.06,0.06,1]},"hd":false},{"ty":"tr","o":{"k":100},"r":{"k":0},"p":{"k":[0,0]},"a":{"k":[0,0]},"s":{"k":[75,75]},"sk":{"k":0},"sa":{"k":0},"hd":false}]},{"ty":"gr","hd":false,"it":[{"ty":"sh","ks":{"k":{"i":[[0,0],[10.02,-0.67],[2.66,-10.43],[-15.1,-7.33]],"o":[[-3.84,-10.05],[-9.88,0.64],[13.69,-6.81],[0,0]],"v":[[199.57,218.15],[176.99,201.48],[157.7,219.49],[199.57,218.15]],"c":true}}},{"ty":"st","lc":1,"lj":1,"ml":4,"o":{"k":100},"w":{"k":9.45},"c":{"k":[0.84,0.06,0.06,1]},"hd":false},{"ty":"tr","o":{"k":100},"r":{"k":0},"p":{"k":[0,0]},"a":{"k":[0,0]},"s":{"k":[75,75]},"sk":{"k":0},"sa":{"k":0},"hd":false}]},{"ty":"gr","hd":false,"it":[{"ty":"sh","ks":{"k":{"i":[[0,0],[0,5.69],[5.59,0],[0,-5.7],[-5.6,0]],"o":[[5.59,0],[0,-5.7],[-5.6,0],[0,5.69],[0,0]],"v":[[283.8,224.55],[293.96,214.25],[283.8,203.94],[273.62,214.25],[283.8,224.55]],"c":true}}},{"ty":"st","lc":1,"lj":1,"ml":4,"o":{"k":100},"w":{"k":9.45},"c":{"k":[0.84,0.06,0.06,1]},"hd":false},{"ty":"tr","o":{"k":100},"r":{"k":0},"p":{"k":[0,0]},"a":{"k":[0,0]},"s":{"k":[75,75]},"sk":{"k":0},"sa":{"k":0},"hd":false}]},{"ty":"gr","hd":false,"it":[{"ty":"sh","ks":{"k":{"i":[[0,0],[20.73,3.46],[3.43,10.72],[-4.77,-0.86],[-2.91,3.27],[-2.24,2.82],[-13.53,-14.21],[-1.02,-1.15],[-9.53,1.21],[-5.08,-5.41],[-2.56,-3.52],[-11.39,5.19],[-1.66,-0.06],[2.53,-2.97],[9.57,-1.51],[10.49,7.07],[4.86,4.45]],"o":[[-11.74,17.31],[-14.23,-2.37],[4.42,1.12],[4.35,0.8],[2.4,-2.66],[12.03,-15.27],[0.99,1.02],[6.05,-7.84],[7.36,-0.93],[3.01,3.17],[6.75,9.25],[0.83,-0.38],[-2.11,3.33],[-6.4,7.55],[-12.38,1.95],[-5.28,-3.55],[0,0]],"v":[[227.5,266.95],[177.44,283.88],[148.94,262.18],[162.79,265.58],[173.79,261.29],[180.67,253.03],[224.94,251.15],[227.91,254.41],[251.33,241.16],[270.17,247.59],[278.55,257.67],[304.23,262.66],[307.46,261.77],[301.07,271.66],[276.47,284.23],[241.7,277.61],[227.5,266.95]],"c":true}}},{"ty":"st","lc":1,"lj":2,"ml":4,"o":{"k":100},"w":{"k":9.45},"c":{"k":[0.84,0.06,0.06,1]},"hd":false},{"ty":"tr","o":{"k":100},"r":{"k":0},"p":{"k":[0,0]},"a":{"k":[0,0]},"s":{"k":[75,75]},"sk":{"k":0},"sa":{"k":0},"hd":false}]},{"ty":"gr","hd":false,"it":[{"ty":"sh","ks":{"k":{"i":[[0,0],[0,0],[-0.96,-20.45],[0,0],[61.28,0],[0,61.24],[0,3.88],[-3.01,15.27],[0,0],[0,0],[0,0.1],[0,0.03],[0,0],[-1.67,0],[0,0],[-0.29,-1.67]],"o":[[0,0],[3.17,15.65],[0,0],[0,61.24],[-61.29,0],[0,-3.91],[0.96,-18.75],[0,0],[0,0],[0,-0.06],[0.03,-0.03],[0,0],[0.26,-1.67],[0,0],[1.63,0],[0,0]],"v":[[303.79,7.49],[333.09,139.27],[341.34,198.98],[341.34,209.58],[230.19,320.71],[119,209.58],[119.03,197.93],[126.58,142.66],[126.61,142.51],[126.61,142.41],[126.65,142.18],[126.68,142.06],[156.52,7.88],[160.1,5],[300.3,5],[303.88,7.88]],"c":false}}},{"ty":"st","lc":1,"lj":1,"ml":4,"o":{"k":100},"w":{"k":9.45},"c":{"k":[0.84,0.06,0.06,1]},"hd":false},{"ty":"tr","o":{"k":100},"r":{"k":0},"p":{"k":[0,0]},"a":{"k":[0,0]},"s":{"k":[75,75]},"sk":{"k":0},"sa":{"k":0},"hd":false}]},{"ty":"tr","o":{"k":100},"r":{"k":0},"p":{"k":[0,0]},"a":{"k":[0,0]},"s":{"k":[100,100]},"sk":{"k":0},"sa":{"k":0},"hd":false}]},{"ty":"tm","s":{"a":0,"k":0,"ix":1},"e":{"a":1,"k":[{"i":{"x":[0.27],"y":[1]},"o":{"x":[0.5],"y":[0]},"t":0,"s":[0]},{"t":66,"s":[100]}],"ix":2},"o":{"a":0,"k":0,"ix":3},"m":1,"ix":2,"hd":false}]}],"meta":{"g":"LF SVG to Lottie"},"assets":[]}